Date,Author,Vertical,Headline,Description
"TNN | Oct 1, 2018, 00:00 IST",-,City,For the eternal love of coffee,-
"Sanjith Sidhardhan | Updated: Oct 1, 2018, 12:10 IST",Sanjith Sidhardhan,City,Sajan Prakash: I am past the phase of swimming for a job or money. I now do it for myself,-
"Akash Wadhwa | Updated: Oct 2, 2018, 18:06 IST",Akash Wadhwa,City,TV actors' chaat outing in Lucknow,-
-,-,-,-,-
-,-,-,-,-
-,-,-,-,-
-,-,-,-,-
-,-,-,-,-
-,-,-,-,-
-,-,-,-,-
"TNN | Oct 1, 2018, 00:00 IST",-,City,Bhajans rendered at Jawahar Kala Kendra to mark Gandhi Jayanti,-
-,-,-,-,-
"tnn | Oct 1, 2018, 00:00 IST",-,City,Forest officials to turn barren Chennamalai into lush greenery,-
"Tanvi PS | TNN | Oct 1, 2018, 00:00 IST",Tanvi PS,City,DIY project for the week: Dreamcatcher,-
-,-,-,-,-
"tnn | Updated: Oct 1, 2018, 10:56 IST",-,City,Free weekend coaching for adi dravidar students to help crack competitive exams,-
"Aamir Khan | TNN | Updated: Oct 1, 2018, 03:13 IST",Aamir Khan,City,Man freed of rape charge as sister’s account ‘unreliable’,-
"Nivedha Selvam | TNN | Updated: Oct 1, 2018, 10:53 IST",Nivedha Selvam,City,Corporation yet to reclaim 75% of grabbed OSR land,-
"TNN | Oct 1, 2018, 00:03 IST",-,City,Sabarimala: TDB decision on review petition on Oct 3,-
"TNN | Oct 1, 2018, 00:00 IST",-,City,For the eternal love of coffee,-
"Sanjith Sidhardhan | Updated: Oct 1, 2018, 12:10 IST",Sanjith Sidhardhan,City,Sajan Prakash: I am past the phase of swimming for a job or money. I now do it for myself,-
"Akash Wadhwa | Updated: Oct 2, 2018, 18:06 IST",Akash Wadhwa,City,TV actors' chaat outing in Lucknow,-
-,-,-,-,-
-,-,-,-,-
-,-,-,-,-
-,-,-,-,-
-,-,-,-,-
-,-,-,-,-
-,-,-,-,-
"TNN | Oct 1, 2018, 00:00 IST",-,City,Bhajans rendered at Jawahar Kala Kendra to mark Gandhi Jayanti,-
-,-,-,-,-
"tnn | Oct 1, 2018, 00:00 IST",-,City,Forest officials to turn barren Chennamalai into lush greenery,-
"Tanvi PS | TNN | Oct 1, 2018, 00:00 IST",Tanvi PS,City,DIY project for the week: Dreamcatcher,-
-,-,-,-,-
"tnn | Updated: Oct 1, 2018, 10:56 IST",-,City,Free weekend coaching for adi dravidar students to help crack competitive exams,-
"Aamir Khan | TNN | Updated: Oct 1, 2018, 03:13 IST",Aamir Khan,City,Man freed of rape charge as sister’s account ‘unreliable’,-
"Nivedha Selvam | TNN | Updated: Oct 1, 2018, 10:53 IST",Nivedha Selvam,City,Corporation yet to reclaim 75% of grabbed OSR land,-
"TNN | Oct 1, 2018, 00:03 IST",-,City,Sabarimala: TDB decision on review petition on Oct 3,-
-,-,-,-,-
-,-,-,-,-
-,-,-,-,-
"TNN | Oct 2, 2018, 00:00 IST",-,City,Chakbi Lombi dressed up as Scorpion from ‘Mortal Kombat’ at Animecon at Phoenix,-
"Oct 2, 2018, 00:00 IST",-,City,Vani Bhojan looked pretty at the launch of Style Salon in Madipakkam,-
-,-,-,-,-
-,-,-,-,-
-,-,-,-,-
-,-,-,-,-
"Dhwani Desai | TNN | Updated: Oct 2, 2018, 17:10 IST",Dhwani Desai,City,Bharat Symphony makes a grand debut in India,-
"Somreet Bhattacharya & Sidharth Bhardwaj | tnn | Updated: Oct 3, 2018, 03:33 IST",Somreet Bhattacharya,City,"Farmers' stir: Food soldiers battle hunger, heat, despair in Ghazipur",-
"Sandra Marina Fernandes | TNN | Oct 2, 2018, 00:00 IST",Sandra Marina Fernandes,City,Beatboxing is a way of expression for city students,-
"Deepa Soman | TNN | Oct 2, 2018, 00:00 IST",Deepa Soman,City,Amrutha Varsha Kannan: Bharatanatyam with a difference,-
-,-,-,-,-
"Joyeeta Chakravorty | TNN | Oct 2, 2018, 00:00 IST",Joyeeta Chakravorty,City,Cheer and accolades for talented youngsters,-
-,-,-,-,-
-,-,-,-,-
-,-,-,-,-
-,-,-,-,-
-,-,-,-,-
-,-,-,-,-
-,-,-,-,-
"TNN | Oct 2, 2018, 00:00 IST",-,City,Priyanka and Upendra attend VK Navataare 2018,-
-,-,-,-,-
-,-,-,-,-
-,-,-,-,-
-,-,-,-,-
-,-,-,-,-
"TNN | Oct 3, 2018, 00:00 IST",-,City,"Don’t brand us as irresponsible thrill-seekers, say video gamers",-
-,-,-,-,-
"TNN | Oct 3, 2018, 00:00 IST",-,City,"Nakkhul & Sruti at The Trunk Show, a lifestyle exhibition at Express Avenue",-
-,-,-,-,-
-,-,-,-,-
"Jisha.Surya|TNN | Updated: Oct 3, 2018, 18:32 IST",-,City,Outer ring road to usher in growth,-
"Sarang Dastane | TNN | Oct 3, 2018, 00:01 IST",Sarang Dastane,City,Pending pipeline work a reason for crisis,-
"Jisha.Surya|TNN | Updated: Oct 3, 2018, 18:25 IST",-,City,Special legislation to streamline work,-
"TNN | Updated: Oct 3, 2018, 16:43 IST",-,City,"Water suppy resumes, citizens seek compensation",-
"Manoj Badgeri | TNN | Oct 3, 2018, 00:02 IST",Manoj Badgeri,City,Corridor expansion: Additional track work may end by 2019,-
-,-,-,-,-
-,-,-,-,-
"TNN | Updated: Oct 4, 2018, 00:02 IST",-,City,Local CPI leader held for raping minor girl,-
"Asha Prakash | Updated: Oct 4, 2018, 16:17 IST",Asha Prakash,City,Zootopia in Alappuzha!,-
-,-,-,-,-
-,-,-,-,-
-,-,-,-,-
-,-,-,-,-
-,-,-,-,-
"TNN | Oct 4, 2018, 00:00 IST",-,City,Yamini had fun at Genesis store launch at Harrington Road,-
-,-,-,-,-
-,-,-,-,-
"Deepa Soman | TNN | Oct 4, 2018, 00:00 IST",Deepa Soman,City,Kottayam Nazeer: Mimicking life through colours,-
"Deepa Soman | TNN | Oct 4, 2018, 00:00 IST",Deepa Soman,City,Garba lovers give it a salsa twist,-
-,-,-,-,-
"TNN | Oct 4, 2018, 00:00 IST",-,City,Eshitha looked pretty at the Lexus car launch show and fashion show at ITC Grand Chola,-
"tnn | Updated: Oct 4, 2018, 00:03 IST",-,City,Sabarimala verdict: Keralagovt not to file review plea after backlash from CM,-
"TNN | Updated: Oct 4, 2018, 00:04 IST",-,City,Man held for fourth time under Kaapa,-
"TNN | Updated: Oct 4, 2018, 13:38 IST",-,City,"At 6%, TET registers record pass percentage this year",-
-,-,-,-,-
-,-,-,-,-
-,-,-,-,-
-,-,-,-,-
-,-,-,-,-
"Arya UR | TNN | Oct 5, 2018, 00:00 IST",Arya UR,City,"Meet Sophia and Richard, the deaf siblings turned film actors",-
-,-,-,-,-
"Dhwani Desai | TNN | Updated: Oct 7, 2018, 08:49 IST",Dhwani Desai,City,Female comic threatened with sexual assault,-
-,-,-,-,-
-,-,-,-,-
-,-,-,-,-
-,-,-,-,-
-,-,-,-,-
"TNN | Updated: Oct 5, 2018, 07:43 IST",-,City,"Now, you can check metro train arrival timings on app",-
"Nisha Nambiar | TNN | Oct 6, 2018, 10:35 IST",Nisha Nambiar,City,Bombay high court directs committee under collector to address woes of flood victims,-
"Sidharatha Roy | TNN | Updated: Oct 6, 2018, 05:31 IST",Sidharatha Roy,City,How Delhi Metro will bridge the gap with NDLS,-
"Times News Network | Oct 5, 2018, 00:03 IST",-,City,"In a day, 3 protests across city",-
"Sarang Dastane & Prasad Kulkarni | TNN | Oct 5, 2018, 07:15 IST",Sarang Dastane,City,"In a year of good rain, water cut by 200 MLD",-
"TNN | Oct 5, 2018, 11:43 IST",-,City,A sweet gesture to help flood-hit bee farmers,-
-,-,-,-,-
-,-,-,-,-
"Sidharatha Roy | TNN | Updated: Oct 7, 2018, 02:12 IST",Sidharatha Roy,City,Delhi: Metro feeder rides for disabled too,-
-,-,-,-,-
"Oct 6, 2018, 00:00 IST",-,City,Youngsters collect 10 bags of plastic waste from Caranzalem beach,-
-,-,-,-,-
-,-,-,-,-
-,-,-,-,-
-,-,-,-,-
"Narayan Namboodiri | TNN | Updated: Oct 7, 2018, 04:11 IST",Narayan Namboodiri,City,"Mumbai: 6 cops suspended for playing mediator, detaining businessman",-
"Purnima Sah | TNN | Oct 6, 2018, 00:02 IST",Purnima Sah,City,Capturing the colours of Navaratri on the streets of Mylapore,-
-,-,-,-,-
"TNN | Updated: Oct 7, 2018, 02:08 IST",-,City,South Delhi Municipal Corporation to buy 8 mobile vans for free check-ups,-
"TNN | Updated: Oct 13, 2018, 14:29 IST",-,City,"With his wolf whistle, Konkan man turns ‘Pied Piper’ & sways crocodiles out of river",-
"AlokKNMishra | TNN | Updated: Oct 7, 2018, 02:04 IST",AlokKNMishra,City,Delhi CM Arvind Kejriwal writes to non-BJP CMs to stall power Bill,-
"TNN | Oct 6, 2018, 00:03 IST",-,City,"Govt ignored believers’ interests, says Cong",-
"TNN | Updated: Oct 6, 2018, 10:17 IST",-,City,CPM asks govt to hold talks with all stakeholders,-
"TNN | Oct 6, 2018, 00:04 IST",-,City,State should file review petition: BJP,-
"TNN | Updated: Oct 6, 2018, 07:03 IST",-,City,"Sci-fi shock, awe mark Cocon opening",-
"Sanjith Sidhardhan | Oct 7, 2018, 00:00 IST",Sanjith Sidhardhan,City,Ebin Joseph: My disability has never held me back,-
-,-,-,-,-
-,-,-,-,-
-,-,-,-,-
-,-,-,-,-
-,-,-,-,-
-,-,-,-,-
-,-,-,-,-
-,-,-,-,-
"TNN | Oct 7, 2018, 00:00 IST",-,City,"Ragini Dwivedi celebrates the success of Alchemy, Bengaluru",-
-,-,-,-,-
-,-,-,-,-
"tnn | Oct 7, 2018, 00:16 IST",-,City,"TNAU to offer training in biogas, organic manure production",-
"TIMESOFINDIA.COM | Oct 7, 2018, 00:30 IST",-,-,Big sports events today,-
"TNN | Oct 7, 2018, 00:42 IST",-,City,"Adlear, Francisco elected unopposed from Mormugao zone in GFA polls",-
"tnn | Oct 7, 2018, 00:52 IST",-,City,No confusion in state govt rule or within AIADMK: Thambidurai,-
"Sonam Joshi | TNN | Oct 7, 2018, 01:00 IST",Sonam Joshi,-,"A lot of Western magicians stole or appropriated Indian tricks, says John Zubrzycki, author of a book on the history of Indian magic",-
"TNN | Updated: Oct 7, 2018, 10:27 IST",-,City,Realtor shot at in Muzaffarpur village,-
"Riya Sharma | TNN | Updated: Oct 8, 2018, 11:18 IST",Riya Sharma,City,Nitibha Kaul picks JDMC’s freshest face,-
-,-,-,-,-
-,-,-,-,-
-,-,-,-,-
-,-,-,-,-
-,-,-,-,-
-,-,-,-,-
-,-,-,-,-
-,-,-,-,-
-,-,-,-,-
"Somreet Bhattacharya | TNN | Updated: Oct 8, 2018, 03:15 IST",Somreet Bhattacharya,City,Delhi: Key player in Taimoor Nagar drugs trade nabbed with Rs 1 crore heroin,-
-,-,-,-,-
"Somreet Bhattacharya | TNN | Updated: Oct 8, 2018, 03:15 IST",Somreet Bhattacharya,City,Delhi: Key player in Taimoor Nagar drugs trade nabbed with Rs 1 crore heroin,-
"TNN | Updated: Oct 8, 2018, 03:25 IST",-,City,"Delhi breaks the cycle of apathy, pedals for health and clean air",-
"TNN | Updated: Oct 9, 2018, 05:22 IST",-,City,Delhi HC: Does hospital bed quota flout Right to Life,-
"Paras Singh | TNN | Updated: Oct 8, 2018, 03:31 IST",Paras Singh,City,Delhi: South corporation finally nets eight monkey catchers,-
"Sidharatha Roy | TNN | Updated: Oct 8, 2018, 02:04 IST",Sidharatha Roy,City,Delhi: Unfit vehicles face heat in war on winter pollution,-
"Sidharatha Roy | TNN | Updated: Oct 9, 2018, 05:42 IST",Sidharatha Roy,City,"Water a hurdle to offering 30,000 flats: DDA vice-chairman",-
"Mohammad Ibrar | TNN | Updated: Oct 8, 2018, 06:58 IST",Mohammad Ibrar,City,From home to work and back: It’s cheap and good for heart,-
"TIMESOFINDIA.COM | Oct 8, 2018, 00:05 IST",-,-,Big sports events today,-
"Deepa Soman | Updated: Oct 11, 2018, 09:24 IST",Deepa Soman,City,Devi Vasudevan: Letting veena set the tune of her life,-
-,-,-,-,-
-,-,-,-,-
-,-,-,-,-
-,-,-,-,-
-,-,-,-,-
-,-,-,-,-
"TNN | Oct 9, 2018, 00:00 IST",-,City,Aditi Singh Sharma to open for Bryan Adams in Bengaluru,-
-,-,-,-,-
-,-,-,-,-
-,-,-,-,-
"TNN | Oct 9, 2018, 00:00 IST",-,City,"DJ AXO turns up the fun at XOOX Brewmill, Bengaluru",-
-,-,-,-,-
-,-,-,-,-
-,-,-,-,-
-,-,-,-,-
"Aswin J Kumar | TNN | Updated: Oct 9, 2018, 00:14 IST",Aswin J Kumar,City,Telecom companies: City corp probes possibility of levying more charges,-
"TNN | Updated: Oct 9, 2018, 14:22 IST",-,City,KSEB starts measures to install rooftop solar panels,-
"Sudha Nambudiri | TNN | Updated: Oct 9, 2018, 07:13 IST",Sudha Nambudiri,City,"Now, flood-hit farmers face pest attack",-
-,-,-,-,-
-,-,-,-,-
-,-,-,-,-
"TNN | Oct 10, 2018, 00:00 IST",-,City,Pradaini looked fashionable at the launch of Wok Monk restaurant at Anna Nagar,-
-,-,-,-,-
-,-,-,-,-
"Oct 10, 2018, 00:00 IST",-,City,Clean-up drive by Don Bosco students at Campal Beach,-
-,-,-,-,-
"TNN | Oct 10, 2018, 00:00 IST",-,City,"Three days of fun, books and discussions for all bookworms",-
-,-,-,-,-
-,-,-,-,-
"TNN | Oct 10, 2018, 00:00 IST",-,City,‘Relocate elephants from Thadagam’,-
-,-,-,-,-
-,-,-,-,-
-,-,-,-,-
"Deepika Jayaram | TNN | Oct 10, 2018, 00:00 IST",Deepika Jayaram,City,"Recreating a slice of life of Kerala, in the US",-
-,-,-,-,-
"Sidharatha Roy | TNN | Oct 10, 2018, 00:01 IST",Sidharatha Roy,City,"4 years on, 700 EWS allottees may get flats in two months",-
"Jasjeev Gandhiok | tnn | Updated: Oct 11, 2018, 00:05 IST",Jasjeev Gandhiok,City,"Fearing Diwali ban, anxious traders start early to finish off cracker stocks",-
-,-,-,-,-
-,-,-,-,-
-,-,-,-,-
"TNN | Oct 11, 2018, 00:00 IST",-,City,Ola drivers stay off roads,-
-,-,-,-,-
"Venu Lanka | TNN | Updated: Oct 11, 2018, 00:05 IST",Venu Lanka,City,Sea of devotees throng Durga shrine atop hill on first day of Dasara,-
-,-,-,-,-
-,-,-,-,-
-,-,-,-,-
"Bagish Jha | TNN | Updated: Oct 11, 2018, 07:12 IST",Bagish Jha,City,"Hindu groups demand meat ban during Navratri, vandalise shops",-
"Chetna Choudhry | TNN | Updated: Oct 11, 2018, 07:16 IST",Chetna Choudhry,City,How ‘fringe groups’ gained foothold in city,-
"TNN | Updated: Oct 11, 2018, 00:07 IST",-,City,"4 years after Hudhud, Titli set to unleash its fury on AP",-
-,-,-,-,-
-,-,-,-,-
"Tanvi PS | TNN &amp; Agencies | Oct 11, 2018, 00:05 IST",Tanvi PS,City,Theatre Review: When the lights go out and the dark truth of humanity is revealed,-
"Reema Gowalla | TNN | Oct 11, 2018, 00:05 IST",Reema Gowalla,City,New play throws light on curious personal stories of cab drivers in the city,-
-,-,-,-,-
"Rao Jaswant Singh | TNN | Updated: Oct 11, 2018, 07:18 IST",Rao Jaswant Singh,City,Handover before deadline cheers up homebuyers,-
"Sulogna Mehta | TNN | Updated: Oct 11, 2018, 00:11 IST",Sulogna Mehta,City,GHMC train patients in handicrafts for their well being,-
-,-,-,-,-
"TNN | Oct 12, 2018, 00:00 IST",-,City,Forest Dept celebrates Wild Life Week,-
-,-,-,-,-
"Sunayana Suresh & Joyeeta Chakravorty | TNN | Oct 12, 2018, 00:00 IST",Sunayana Suresh,City,"Corporate houses, film guild reassure safe environment for women",-
-,-,-,-,-
-,-,-,-,-
-,-,-,-,-
-,-,-,-,-
"TNN | Oct 12, 2018, 00:00 IST",-,City,"With Zika cases rising, JMC yet to start fogging",-
-,-,-,-,-
-,-,-,-,-
"TNN | Oct 12, 2018, 00:00 IST",-,City,Dasara lights show Mysuru in its full beauty,-
-,-,-,-,-
"TNN | Oct 12, 2018, 00:01 IST",-,City,Encroachment in Katarpura Nulla continues,-
"George Mendonca | TNN | Oct 12, 2018, 00:01 IST",George Mendonca,City,HC: Submit steps taken to fix arterial road by Oct 22,-
"TNN | Oct 12, 2018, 00:03 IST",-,City,"Cops bust gang, arrest kingpin for duping many",-
"B B Nayak | TNN | Oct 12, 2018, 00:03 IST",B B Nayak,City,PCMC eyes zero-garbage tag by March next year,-
"Syed Intishab Ali | TNN | Updated: Oct 12, 2018, 07:35 IST",Syed Intishab Ali,City,Zika virus spreads beyond Shastri Nagar,-
"TNN | Updated: Oct 12, 2018, 08:04 IST",-,City,"Unable to understand dyslexic minds, schools put pressure on children",-
-,-,-,-,-
-,-,-,-,-
-,-,-,-,-
"TNN | Oct 13, 2018, 00:00 IST",-,City,Youngsters host a food donation camp,-
-,-,-,-,-
-,-,-,-,-
-,-,-,-,-
-,-,-,-,-
-,-,-,-,-
-,-,-,-,-
-,-,-,-,-
-,-,-,-,-
-,-,-,-,-
-,-,-,-,-
-,-,-,-,-
"Sandra Marina Fernandes | Oct 13, 2018, 00:00 IST",Sandra Marina Fernandes,City,"Bengaluru loves musicals, but lacks the infrastructure to host more of them",-
-,-,-,-,-
-,-,-,-,-
-,-,-,-,-
-,-,-,-,-
-,-,-,-,-
"Deepika Jayaram | TNN | Updated: Oct 22, 2018, 12:40 IST",Deepika Jayaram,City,Are you a Helicopter Parent?,-
-,-,-,-,-
-,-,-,-,-
-,-,-,-,-
-,-,-,-,-
-,-,-,-,-
-,-,-,-,-
-,-,-,-,-
-,-,-,-,-
-,-,-,-,-
-,-,-,-,-
-,-,-,-,-
-,-,-,-,-
"Tanvi PS | TNN | Oct 14, 2018, 00:00 IST",Tanvi PS,City,Confidence and creativity rule the stage,-
"TNN | Oct 14, 2018, 00:00 IST",-,City,Man held for stealing gold chains from rly commuters,-
"TNN | Oct 14, 2018, 00:02 IST",-,City,MIDC takes up upkeep of Taloja CETP,-
"Indrani Basu | TNN | Oct 14, 2018, 00:05 IST",Indrani Basu,City,"Come Navratri, and Golus find a place of piety",-
-,-,-,-,-
"Reema Gowalla | TNN | Updated: Oct 16, 2018, 15:27 IST",Reema Gowalla,City,Is artistic freedom in Bengaluru at risk?,-
-,-,-,-,-
-,-,-,-,-
-,-,-,-,-
"TNN | Oct 15, 2018, 00:00 IST",-,City,"Chennai, here is how you can save for a rainy day",-
-,-,-,-,-
-,-,-,-,-
-,-,-,-,-
-,-,-,-,-
-,-,-,-,-
"Reema Gowalla | TNN | Oct 15, 2018, 00:05 IST",Reema Gowalla,City,Slow sit-down dining is Bengaluru’s newest supper mantra,-
"Vishwa Mohan & Rajeev Deshpande | TNN | Updated: Oct 15, 2018, 00:08 IST",Vishwa Mohan,City,DELHI GRAPPLES WITH ITS WINTER PROBLEM: Interstate Action Plan Offers Hope Of Cleaner Air During Worst Months,-
-,-,-,-,-
"TNN | Oct 15, 2018, 00:10 IST",-,City,#MeToo collective hears 12 complaints at public hearing,-
"TNN | Oct 15, 2018, 00:11 IST",-,City,Gr Noida closes its 7 bank a/cs outside city,-
"TNN | Oct 15, 2018, 00:11 IST",-,City,FULL THROTTLE: From Sitra to Avinashi Flyover in 20mts!,-
"TNN | Oct 15, 2018, 00:12 IST",-,City,Residents up in arms against Tasmac outlet,-
"Nivedha Selvam | TNN | Oct 15, 2018, 00:13 IST",Nivedha Selvam,City,Corpn website to give more payment options,-
"TNN | Oct 16, 2018, 00:00 IST",-,City,City folk groove to Bollywood tunes,-
"Sanjith Sidhardhan | Oct 16, 2018, 00:00 IST",Sanjith Sidhardhan,City,Is online streaming the new addiction?,-
-,-,-,-,-
"TNN | Oct 16, 2018, 00:00 IST",-,City,Agra gets Navaratra-ready with dandiya classes,-
"Deepa Soman | TNN | Oct 16, 2018, 00:00 IST",Deepa Soman,City,Sadanam Harikumar: Man of many veshams,-
-,-,-,-,-
-,-,-,-,-
-,-,-,-,-
-,-,-,-,-
-,-,-,-,-
"Avani Ghangurde | TNN | Oct 16, 2018, 00:00 IST",Avani Ghangurde,City,"After 13 TMC classes went hi-tech 2 yrs ago, 200 more to follow suit",-
"TNN | Oct 16, 2018, 00:01 IST",-,City,"Skywalk design: love it, hate it? Opinion divided",-
"B B Nayak | TNN | Oct 16, 2018, 00:03 IST",B B Nayak,City,NMMC forms 4 squads to take on debris mafia,-
"Abhijay Jha | TNN | Oct 16, 2018, 00:06 IST",Abhijay Jha,City,"Ganga canal closed, water trickles from taps in Ghaziabad",-
"Aditya Dev | TNN | Oct 16, 2018, 00:08 IST",Aditya Dev,City,Cops ‘refuse’ FIR on retired DSP’s complaint,-
"TNN | Oct 16, 2018, 00:10 IST",-,City,Court orders status quo on recruitment of nurses by MRB,-
"TNN | Updated: Oct 16, 2018, 00:13 IST",-,City,How a single truck brought Noida-Delhi traffic to a halt,-
"tnn | Oct 16, 2018, 00:15 IST",-,-,Amara Raja to set up 3rd battery plant for Rs 700 cr,-
"TIMESOFINDIA.COM | Oct 16, 2018, 00:15 IST",-,-,Big matches today - PKL: Bengal Warriors vs Telugu Titans,-
"Manisha Bajaj | TNN | Oct 17, 2018, 00:00 IST",Manisha Bajaj,City,Festivities turn into a nightmare: Women harassed in Mysuru,-
-,-,-,-,-
-,-,-,-,-
-,-,-,-,-
-,-,-,-,-
"Arya UR | TNN | Updated: Oct 22, 2018, 16:17 IST",Arya UR,City,KITTS students turn saviours for 23 species of birds,-
"Umesh Isalkar | TNN | Oct 17, 2018, 00:00 IST",Umesh Isalkar,City,Swine flu diagnosis at two Marathwada med colleges,-
-,-,-,-,-
-,-,-,-,-
-,-,-,-,-
-,-,-,-,-
-,-,-,-,-
"Rohit E David | TNN | Oct 17, 2018, 00:01 IST",Rohit E David,City,Work on twin U-turns to ‘start by Oct-end’,-
"TNN | Oct 17, 2018, 00:01 IST",-,City,Abhisheki festival from October 26,-
-,-,-,-,-
"TNN | Updated: Oct 17, 2018, 16:20 IST",-,City,"4 jawans rape deaf-mute in Pune over 4 years, booked",-
"TNN | Oct 17, 2018, 00:13 IST",-,City,NMR services will remain suspended today,-
"TNN | Oct 17, 2018, 00:14 IST",-,City,Two youths held for harassing woman,-
"TIMESOFINDIA.COM | Oct 17, 2018, 00:15 IST",-,-,Big matches today - PKL: Bengaluru Bulls vs Tamil Thalaivas,-
-,-,-,-,-
-,-,-,-,-
-,-,-,-,-
"TNN | Oct 18, 2018, 00:00 IST",-,City,"Sindhi Curry plays at XOOX Brewmill, Bengaluru",-
-,-,-,-,-
-,-,-,-,-
-,-,-,-,-
-,-,-,-,-
-,-,-,-,-
-,-,-,-,-
-,-,-,-,-
-,-,-,-,-
-,-,-,-,-
"TNN | Updated: Oct 18, 2018, 16:52 IST",-,City,A retro musical night in Lucknow,-
-,-,-,-,-
-,-,-,-,-
-,-,-,-,-
"Neeshita Nyayapati | TNN | Oct 18, 2018, 00:00 IST",Neeshita Nyayapati,City,Pujo at One Town epitomises the spirit of Vizag,-
"Akash Wadhwa | TNN | Updated: Oct 20, 2018, 20:09 IST",Akash Wadhwa,City,When Chandramukhi had city folk in splits,-
-,-,-,-,-
-,-,-,-,-
-,-,-,-,-
-,-,-,-,-
"TNN | Oct 19, 2018, 00:00 IST",-,City,"Sahil Shah to perform at That Comedy Club, Bengaluru",-
-,-,-,-,-
-,-,-,-,-
-,-,-,-,-
"TIMESOFINDIA.COM | Oct 19, 2018, 00:20 IST",-,-,Big matches today - PKL: Patna Pirates vs Telugu Titans,-
"Shailvee Sharda | TNN | Updated: Oct 19, 2018, 17:11 IST",Shailvee Sharda,India,Hindu candidates have stopped inviting me for campaign: Azad,-
"Ramu Bhagwat & Akhilesh Singh | TNN | Updated: Oct 19, 2018, 08:23 IST",Ramu Bhagwat,India,RSS chief calls for law to build Ram temple,-
"TNN | Oct 19, 2018, 00:32 IST",-,India,Maneka wants all political parties to set up internal committees to address sexual harassment,-
"TIMESOFINDIA.COM | Updated: Oct 19, 2018, 11:05 IST",-,-,Asian Champions Trophy: Dilpreet's hat-trick leads India's 11-0 rout of Oman,-
"TNN | Updated: Oct 19, 2018, 08:24 IST",-,India,"Second day running, Sabarimala is a no woman’s land",-
-,-,-,-,-
-,-,-,-,-
"Akash Wadhwa | TNN | Oct 19, 2018, 01:00 IST",Akash Wadhwa,City,I am amazed to see how grand Durga Puja celebrations have become in Lucknow: Aahana Kumra,-
-,-,-,-,-
-,-,-,-,-
-,-,-,-,-
-,-,-,-,-
"Dhwani Desai | TNN | Oct 20, 2018, 00:00 IST",Dhwani Desai,City,Five international guitar masters on one stage,-
-,-,-,-,-
-,-,-,-,-
-,-,-,-,-
-,-,-,-,-
-,-,-,-,-
-,-,-,-,-
-,-,-,-,-
-,-,-,-,-
-,-,-,-,-
-,-,-,-,-
-,-,-,-,-
-,-,-,-,-
-,-,-,-,-
"TNN | Oct 20, 2018, 00:00 IST",-,City,Bipasha gets down to dandiya beats at Output Bengaluru,-
"Kimberly Colaco | Oct 20, 2018, 00:00 IST",Kimberly Colaco,City,A grand Durgotsav on campus,-
-,-,-,-,-
-,-,-,-,-
-,-,-,-,-
"Neeshita Nyayapati | TNN | Oct 21, 2018, 00:00 IST",Neeshita Nyayapati,City,It was an all-inclusive Sindoor Khela for Vizagites in Old Town,-
-,-,-,-,-
"Oct 21, 2018, 00:00 IST",-,City,A star-studded premiere of Kishore Kumar Junior,-
-,-,-,-,-
-,-,-,-,-
-,-,-,-,-
-,-,-,-,-
-,-,-,-,-
-,-,-,-,-
"tnn | Updated: Oct 28, 2018, 11:53 IST",-,City,Silt scooped out of drain chokes Poosaripalayam Link Road,-
-,-,-,-,-
-,-,-,-,-
-,-,-,-,-
-,-,-,-,-
-,-,-,-,-
"TNN | Oct 21, 2018, 00:09 IST",-,City,Stench irks city residents as STPs release water,-
"TNN | Oct 21, 2018, 00:10 IST",-,City,Don’t think about surveys: Javadekar to party workers,-
-,-,-,-,-
-,-,-,-,-
"Sandra Marina Fernandes | TNN | Oct 22, 2018, 00:00 IST",Sandra Marina Fernandes,City,"Dancers, beatboxers draw the loudest cheers at this audition",-
-,-,-,-,-
-,-,-,-,-
"Sanjith Sidhardhan | Updated: Oct 22, 2018, 12:10 IST",Sanjith Sidhardhan,City,David James: A major lesson from my stint in India is that I am never going to be a player-manager again,-
-,-,-,-,-
-,-,-,-,-
-,-,-,-,-
-,-,-,-,-
-,-,-,-,-
-,-,-,-,-
-,-,-,-,-
-,-,-,-,-
"Reema Gowalla | TNN | Oct 22, 2018, 00:05 IST",Reema Gowalla,City,Drama fest revisits classics and folktales,-
"Sidharatha Roy | TNN | Updated: Oct 22, 2018, 01:10 IST",Sidharatha Roy,City,"Don’t try to pick PM, vote AAP for Delhi: CM Arvind Kejriwal",-
"AlokKNMishra | TNN | Updated: Oct 22, 2018, 01:13 IST",AlokKNMishra,City,Delhi government plans first survey for welfare schemes,-
"TNN | Updated: Oct 22, 2018, 07:42 IST",-,City,"Monitor liquor sale in Rajasthan ahead of polls, state EC tells excise department",-
"TNN | Oct 22, 2018, 00:09 IST",-,City,Velachery locals fret about sewage overflow as rains near,-
-,-,-,-,-
-,-,-,-,-
-,-,-,-,-
-,-,-,-,-
"TNN | Oct 23, 2018, 00:00 IST",-,City,Vybhav and Mirna party at Output Bengaluru,-
-,-,-,-,-
"Riya Sharma | TNN | Updated: Oct 24, 2018, 12:56 IST",Riya Sharma,City,#NoConditionsApply: Inclusive Sindoor Khela in Delhi-NCR this year,-
-,-,-,-,-
"TNN | Oct 23, 2018, 00:00 IST",-,City,Clamour for timer to check dangerous signal jumping,-
-,-,-,-,-
-,-,-,-,-
-,-,-,-,-
-,-,-,-,-
"TNN | Oct 23, 2018, 00:01 IST",-,City,Assn members file plea to release farmer,-
"TNN | Oct 23, 2018, 00:01 IST",-,City,Even tsunami can’t separate us: OPS on ties with CM,-
"Deepak Karthik | TNN | Oct 23, 2018, 00:02 IST",Deepak Karthik,City,Woes of public continue as vendors’ panel still on paper,-
"D Vincent Arockiaraj | TNN | Oct 23, 2018, 00:02 IST",D Vincent Arockiaraj,City,Farmers appeal for check dam to improve groundwater table,-
"TNN | Oct 23, 2018, 00:03 IST",-,City,‘HR&CE dept yet to honour HC order on strongroom’,-
"TNN | Updated: Oct 23, 2018, 03:28 IST",-,City,"Festive fortnight over, will ITO Skywalk find more takers?",-
-,-,-,-,-
"TNN | Updated: Oct 24, 2018, 09:23 IST",-,City,Forest personnel to get an annual free health checkup,-
-,-,-,-,-
"Deepa Soman | TNN | Updated: Oct 31, 2018, 23:31 IST",Deepa Soman,City,Won over by the Western Ghats,-
-,-,-,-,-
-,-,-,-,-
-,-,-,-,-
"Anam Ajmal & Sidharth Bhardwaj | TNN | Updated: Oct 24, 2018, 03:58 IST",Anam Ajmal,City,Social media makes ‘Thain Thain’ Diwali mainstream,-
"TNN | Oct 24, 2018, 00:00 IST",-,City,Idol wing submits report on theft at Srirangam temple,-
-,-,-,-,-
"TNN | Updated: Oct 24, 2018, 03:58 IST",-,City,"Robbers tie up elderly woman, hit her with pistol in Delhi",-
"TNN | Updated: Oct 24, 2018, 12:05 IST",-,City,SHRC pulls up Tirunelveli collector for ignoring sexual harassment complaint,-
"Somreet Bhattacharya | TNN | Oct 24, 2018, 00:02 IST",Somreet Bhattacharya,City,Two held for agri ministry job fraud,-
"TNN | Updated: Oct 24, 2018, 12:03 IST",-,City,HC slams favouritism in TNHB allotments; orders eviction of ineligible occupants,-
"TNN | Updated: Oct 24, 2018, 11:48 IST",-,City,"After push by HC, Tamil Nadu police round up 11,000 wanted men",-
"TNN | Updated: Oct 24, 2018, 14:47 IST",-,City,CM Pinarayi Vijayan hits out at Pandalam royal family & tanthri,-
"TNN | Updated: Oct 24, 2018, 00:05 IST",-,City,Residents launch protest against delay in NH works,-
"tnn | Oct 24, 2018, 00:04 IST",-,City,A lesson in saving precious lives during emergency,-
"TNN | Updated: Oct 24, 2018, 15:00 IST",-,City,Kozhikode teacher faces threat for bid to trek Sabarimala,-
-,-,-,-,-
-,-,-,-,-
-,-,-,-,-
-,-,-,-,-
"TNN | Oct 25, 2018, 00:00 IST",-,City,"Meraki, a leadership summit for students in Kolhapur",-
-,-,-,-,-
-,-,-,-,-
-,-,-,-,-
"Samdani MN | TNN | Updated: Oct 25, 2018, 00:50 IST",Samdani MN,City,TDP netas don’t want govt to hold panchayat polls,-
-,-,-,-,-
"TNN | Updated: Oct 25, 2018, 00:05 IST",-,City,‘Doctor’ lands in police custody,-
"TNN | Updated: Oct 25, 2018, 10:28 IST",-,City,OBC outshines General category in RAS prelims,-
"TNN | Updated: Oct 25, 2018, 10:28 IST",-,City,OBC outshines General category in RAS prelims,-
"Oct 25, 2018, 00:03 IST",-,City,Man who made Tamil theatre avant-garde,-
"TNN | Oct 25, 2018, 00:04 IST",-,City,Research body will help govt in Zika surveillance,-
"Bosco Dominique | TNN | Updated: Oct 25, 2018, 12:08 IST",Bosco Dominique,City,‘5-fold agenda to strengthen party base in Tamil Nadu & Pondy’,-
"TNN | Updated: Oct 25, 2018, 00:07 IST",-,City,Village comes together to revive a farmland,-
"TNN | Oct 25, 2018, 00:06 IST",-,City,Ayyappa devotees in city protest against SC’s order on Sabarimala,-
"Amit Sampat | TNN | Oct 25, 2018, 00:07 IST",Amit Sampat,-,Raunak plays marathon 5.30-hour draw with Norway's world junior chess champ Tari,-
"Madhu Daithota | Oct 26, 2018, 00:00 IST",Madhu Daithota,City,The Sait siblings’ Mangalurean sojourn,-
-,-,-,-,-
-,-,-,-,-
"Arya UR | TNN | Updated: Oct 30, 2018, 15:37 IST",Arya UR,City,"Rising fuel prices? No worries, we have cycles, metro and car pooling",-
-,-,-,-,-
-,-,-,-,-
-,-,-,-,-
-,-,-,-,-
"Syed Rizwanullah | TNN | Oct 26, 2018, 00:01 IST",Syed Rizwanullah,City,PM should break silence on CBI imbroglio: Pawar,-
"Prasad Joshi | TNN | Oct 26, 2018, 00:02 IST",Prasad Joshi,City,"Restore Mum to Osmanabad Express train, say activists",-
-,-,-,-,-
-,-,-,-,-
"Reema Gowalla | TNN | Updated: Oct 26, 2018, 13:11 IST",Reema Gowalla,City,"Engaging with the idea of theatre, beyond performances",-
-,-,-,-,-
-,-,-,-,-
"Reema Gowalla | TNN | Oct 26, 2018, 00:05 IST",Reema Gowalla,City,Short plays on social cause tour city streets,-
"TNN | Oct 26, 2018, 00:05 IST",-,City,HC reserves orders on telephone lines case against Marans,-
"Tanvi PS | TNN | Oct 26, 2018, 00:05 IST",Tanvi PS,City,The curious nature of human relationships,-
-,-,-,-,-
-,-,-,-,-
-,-,-,-,-
-,-,-,-,-
-,-,-,-,-
"Oct 27, 2018, 00:00 IST",-,City,Navjot had fun partying on Bollywood nite at Gatsby,-
-,-,-,-,-
-,-,-,-,-
-,-,-,-,-
-,-,-,-,-
-,-,-,-,-
-,-,-,-,-
-,-,-,-,-
-,-,-,-,-
-,-,-,-,-
-,-,-,-,-
-,-,-,-,-
-,-,-,-,-
-,-,-,-,-
-,-,-,-,-
-,-,-,-,-
-,-,-,-,-
"Deepika Jayaram | TNN | Oct 28, 2018, 00:00 IST",Deepika Jayaram,City,"As idols fall from pedestals, Carnatic musicians question guru-shishya bond",-
"Akash Wadhwa | TNN | Oct 28, 2018, 00:00 IST",Akash Wadhwa,City,Lucknowites had fun at this dandiya night,-
-,-,-,-,-
-,-,-,-,-
"TNN | Oct 28, 2018, 00:00 IST",-,City,Creativity with newspapers at this exhibition in Lucknow,-
"Pallabi Dey Purkayastha | TNN | Updated: Oct 28, 2018, 00:24 IST",Pallabi Dey Purkayastha,City,'The Vamps' enthrall Mumbai; sing in Hindi with the ease of a pro,-
-,-,-,-,-
-,-,-,-,-
-,-,-,-,-
-,-,-,-,-
-,-,-,-,-
-,-,-,-,-
-,-,-,-,-
-,-,-,-,-
"TNN | Oct 28, 2018, 00:00 IST",-,City,"Ramalinga Reddy samples Karnataka specialties at Carnatic, Bengaluru",-
"TNN | Oct 28, 2018, 00:00 IST",-,City,"Shanu Suresh attends the launch of Sarjapur Social, Bengaluru",-
-,-,-,-,-
"Iti Shree Misra | TNN | Oct 29, 2018, 00:00 IST",Iti Shree Misra,City,‘I feel lucky about getting a chance to shoot in Lucknow’ Sidharth Malhotra,-
-,-,-,-,-
-,-,-,-,-
-,-,-,-,-
"B Sreejan | TNN | Updated: Oct 29, 2018, 08:35 IST",B Sreejan,City,Adamant stand over Sabarimala may prove costly for CPM in Kerala,-
"tnn | Oct 29, 2018, 00:03 IST",-,City,"Mosquito larvae found in TNSTC depot, Rs 1L fined",-
"tnn | Oct 29, 2018, 00:03 IST",-,City,Man ‘thrashed by co-workers’ dies in hospital,-
"tnn | Oct 29, 2018, 00:04 IST",-,City,Nilgiris steps up H1N1 virus awareness drive,-
"TNN | Oct 29, 2018, 00:04 IST",-,City,‘Back to Backwaters’ to give impetus to Alappuzha tourism,-
-,-,-,-,-
-,-,-,-,-
"tnn | Updated: Oct 29, 2018, 00:07 IST",-,City,"Rahul Easwar held for ‘Plan B’ claim, gets bail",-
-,-,-,-,-
"Oct 29, 2018, 00:05 IST",-,City,When Anirban Dasgupta helped city folk beat mid-week blues at Output Bengaluru,-
"B S Anil Kumar | TNN | Updated: Oct 29, 2018, 09:46 IST",B S Anil Kumar,City,Power regulator asks KSEB to furnish details of K-FON project,-
"K P Sai Kiran | TNN | Updated: Oct 29, 2018, 10:10 IST",K P Sai Kiran,City,Cabinet okays changes to advocates’ fund Act,-
"TNN | Oct 29, 2018, 00:09 IST",-,City,Debt-ridden church set to sell land to Chittilappilly,-
"TNN | Oct 29, 2018, 00:10 IST",-,City,Surendran not to withdraw petition,-
"Yogesh Kabirdoss | TNN | Oct 29, 2018, 00:11 IST",Yogesh Kabirdoss,City,Old machines from UK used to forge land docus,-
-,-,-,-,-
-,-,-,-,-
-,-,-,-,-
-,-,-,-,-
"Samdani MN | TNN | Oct 30, 2018, 00:00 IST",Samdani MN,City,Jayadev slams contractors for slow work,-
-,-,-,-,-
"Deepika Jayaram | TNN | Oct 30, 2018, 00:00 IST",Deepika Jayaram,City,"Being Ram, in role and spirit",-
"TNN | Oct 30, 2018, 00:00 IST",-,City,"Behram Siganporia performs at The Den, Bengaluru",-
-,-,-,-,-
-,-,-,-,-
"P Sangeetha | TNN | Oct 30, 2018, 00:00 IST",P Sangeetha,City,A tribute to the legend Ghantasala in Coimbatore,-
-,-,-,-,-
"Oct 30, 2018, 00:00 IST",-,City,Yashika Aannand was dressed to kill at the Madras Icon Awards at Abu Sarovar Portico,-
"TNN | Oct 30, 2018, 00:01 IST",-,City,HC reserves order on land acquisition act amendments,-
"Shruti Suresh | TNN | Updated: Oct 30, 2018, 05:43 IST",Shruti Suresh,City,Chennai corporation to install 400 more toilets at Rs 5.3 crore,-
"Karal Marx | TNN | Oct 30, 2018, 00:02 IST",Karal Marx,City,Relatives allege botched surgery led to death of woman,-
"TNN | Oct 30, 2018, 00:02 IST",-,City,26 community dogs killed in Kancheepuram,-
"P Oppili | Oppili P | Oct 30, 2018, 00:03 IST",P Oppili,City,Forest dept to e-auction 300 tonnes of red sanders logs,-
"TNN | Updated: Oct 30, 2018, 07:48 IST",-,City,Chennai sabhas form panel to hear sexual harassment complaints,-
