headline,Date,Author,description
null,null,null,null
null,null,Thinkal Menon,null
null,null,Prathibha Joy,null
DJ Alan Walker gears up to perform in Bengaluru,"THIS STORY IS FROM DECEMBER 4, 2019",null,null
null,null,Richa Shukla,null
What one can expect at the 24th IFFK,"THIS STORY IS FROM DECEMBER 6, 2019",null,null
null,null,null,null
"'We never travelled much, but decided to go to Kashmir on a bike anyway'","THIS STORY IS FROM DECEMBER 8, 2019",null,null
null,null,Vinay Lokesh,null
null,null,Sandra Marina Fernandes,null
Ab bus! Bengaluru’s newest resolution to tackle traffic woes,"THIS STORY IS FROM DECEMBER 11, 2019",null,null
Students get innovative on social media to promote college fests,"THIS STORY IS FROM DECEMBER 12, 2019",null,null
null,null,Hansy Sanctis,null
null,null,null,null
"Senior citizens’ flash mob in city stresses on ageing positively, breaking stereotypes","THIS STORY IS FROM DECEMBER 15, 2019",null,null
null,null,Sandra Marina Fernandes,null
null,null,V Lakshmi,null
"We are happy being single, and content with self-partnership: Single women in Kerala","THIS STORY IS FROM DECEMBER 18, 2019",null,null
null,null,null,null
null,null,Sunayana Suresh,null
null,null,Vinay Lokesh,null
null,null,Nupur Amarnath,null
null,null,null,null
Bengaluru’s Christmas entrepreneurs spread festive cheer,"THIS STORY IS FROM DECEMBER 24, 2019",null,null
null,null,Thinkal Menon,null
null,null,Vinay Lokesh,null
null,null,null,null
Mangalureans are extremely hardworking and they value their integrity: Yash,"THIS STORY IS FROM DECEMBER 28, 2019",null,null
null,null,null,null
Artistes and filmmakers unite to support specially-abled individuals,"THIS STORY IS FROM DECEMBER 30, 2019",null,null
null,null,Sharanya CR,null
